{
  "by_target": {
    "ur": 5.095993995666504,
    "kk": 6.1091179847717285,
    "ro": 5.740133762359619,
    "id": 6.1610026359558105,
    "he": 6.5478410720825195,
    "da": 5.897757530212402,
    "fa": 5.335931301116943,
    "fi": 6.455233097076416,
    "ja": 6.290011882781982,
    "eu": 6.846349239349365
  },
  "score": 6.047937250137329,
  "analysis": {
    "Token Count": 59936,
    "Line Count": 10000,
    "Tokens per Line": 5.9936,
    "Tokens per Line SD": 2.2825334696341257,
    "Unique Tokens": 15,
    "Unique Lines": 3124,
    "1-gram Entropy": 3.186152627332187,
    "1-gram Normalized Entropy": 0.8155213332345507,
    "2-gram Entropy": 4.6554718108930695,
    "2-gram Conditional Entropy": 1.4693191835608825,
    "Entropy per Line": 19.096524387178224,
    "EoS Token Present": false,
    "EoS Padding": false
  }
}