{
  "by_target": {
    "ur": 5.160622596740723,
    "kk": 6.227830410003662,
    "ro": 5.820987701416016,
    "id": 6.24722146987915,
    "he": 6.678874492645264,
    "da": 5.992029190063477,
    "fa": 5.412002086639404,
    "fi": 6.581145286560059,
    "ja": 6.357549667358398,
    "eu": 6.850668430328369
  },
  "score": 6.132893133163452,
  "analysis": {
    "Token Count": 75732,
    "Line Count": 10000,
    "Tokens per Line": 7.5732,
    "Tokens per Line SD": 3.1065803965131824,
    "Unique Tokens": 10,
    "Unique Lines": 1308,
    "1-gram Entropy": 1.9866367936076426,
    "1-gram Normalized Entropy": 0.5980372653656142,
    "2-gram Entropy": 3.396763069609354,
    "2-gram Conditional Entropy": 1.4101262760017113,
    "Entropy per Line": 15.045197765349943,
    "EoS Token Present": false,
    "EoS Padding": false
  }
}