{
  "by_target": {
    "ur": 5.239560604095459,
    "kk": 6.283055305480957,
    "ro": 5.896366119384766,
    "id": 6.313324451446533,
    "he": 6.7094645500183105,
    "da": 6.065152645111084,
    "fa": 5.491642475128174,
    "fi": 6.671180248260498,
    "ja": 6.443365097045898,
    "eu": 6.866560935974121
  },
  "score": 6.19796724319458,
  "analysis": {
    "Token Count": 1061520,
    "Line Count": 5396,
    "Tokens per Line": 196.72349888806522,
    "Tokens per Line SD": 70.45848929636027,
    "Unique Tokens": 4,
    "Unique Lines": 3078,
    "1-gram Entropy": 1.3859210431357307,
    "1-gram Normalized Entropy": 0.6929605215678654,
    "2-gram Entropy": 1.5389908995714305,
    "2-gram Conditional Entropy": 0.1530698564356998,
    "Entropy per Line": 272.64323678825826,
    "EoS Token Present": false,
    "EoS Padding": false
  }
}