{
  "by_target": {
    "ja": 6.185340881347656,
    "ur": 4.999040126800537,
    "fa": 5.263978958129883,
    "id": 6.066263675689697,
    "fi": 6.3051981925964355,
    "eu": 6.858926773071289,
    "da": 5.808996677398682,
    "he": 6.472096920013428,
    "kk": 5.991514682769775,
    "ro": 5.638469696044922
  },
  "score": 5.958982658386231,
  "analysis": {
    "Token Count": 15000064,
    "Line Count": 58594,
    "Tokens per Line": 256.0,
    "Tokens per Line SD": 0.0,
    "Unique Tokens": 28714,
    "Unique Lines": 58594,
    "1-gram Entropy": 6.989739306823454,
    "1-gram Normalized Entropy": 0.47197778617603714,
    "2-gram Entropy": 11.870445544486968,
    "2-gram Conditional Entropy": 4.880706237663514,
    "Entropy per Line": 1789.3732625468072,
    "EoS Token Present": false,
    "EoS Padding": false
  }
}