{
  "by_target": {
    "kk": 6.11164665222168,
    "ro": 5.770110130310059,
    "he": 6.56239128112793,
    "da": 5.922806262969971,
    "id": 6.190122127532959,
    "fa": 5.393648147583008,
    "ja": 6.338057041168213,
    "ur": 5.155355930328369,
    "eu": 6.868860244750977,
    "fi": 6.406301498413086
  },
  "score": 6.071929931640625
}