{
  "by_target": {
    "ur": 5.074228286743164,
    "kk": 6.0705413818359375,
    "ro": 5.7319254875183105,
    "id": 6.157001495361328,
    "he": 6.537878513336182,
    "da": 5.886169910430908,
    "fa": 5.328958988189697,
    "fi": 6.4004621505737305,
    "ja": 6.268733024597168,
    "eu": 6.88292932510376
  },
  "score": 6.0338828563690186,
  "analysis": {
    "Token Count": 61106,
    "Line Count": 10000,
    "Tokens per Line": 6.1106,
    "Tokens per Line SD": 2.289490694455865,
    "Unique Tokens": 64,
    "Unique Lines": 9263,
    "1-gram Entropy": 5.266346869342344,
    "1-gram Normalized Entropy": 0.877724478223724,
    "2-gram Entropy": 8.660964621393294,
    "2-gram Conditional Entropy": 3.3946177520509497,
    "Entropy per Line": 32.18053917980333,
    "EoS Token Present": false,
    "EoS Padding": false
  }
}