{
  "by_target": {
    "ur": 5.107241630554199,
    "kk": 6.151691913604736,
    "ro": 5.778665542602539,
    "id": 6.19184684753418,
    "he": 6.584054470062256,
    "da": 5.943563461303711,
    "fa": 5.358028888702393,
    "fi": 6.521562099456787,
    "ja": 6.327010631561279,
    "eu": 6.842898845672607
  },
  "score": 6.080656433105469,
  "analysis": {
    "Token Count": 61659,
    "Line Count": 10000,
    "Tokens per Line": 6.1659,
    "Tokens per Line SD": 2.3230103723401667,
    "Unique Tokens": 12,
    "Unique Lines": 1961,
    "1-gram Entropy": 2.8042006103966943,
    "1-gram Normalized Entropy": 0.7822119784607503,
    "2-gram Entropy": 4.106729066762161,
    "2-gram Conditional Entropy": 1.3025284563654664,
    "Entropy per Line": 17.29042054364509,
    "EoS Token Present": false,
    "EoS Padding": false
  }
}