{
  "by_target": {
    "ur": 5.095454216003418,
    "kk": 6.13015604019165,
    "ro": 5.75321626663208,
    "id": 6.16605806350708,
    "he": 6.556669235229492,
    "da": 5.908749103546143,
    "fa": 5.337594509124756,
    "fi": 6.469398021697998,
    "ja": 6.303056716918945,
    "eu": 6.87587308883667
  },
  "score": 6.059622526168823,
  "analysis": {
    "Token Count": 63129,
    "Line Count": 10000,
    "Tokens per Line": 6.3129,
    "Tokens per Line SD": 2.4347471306072013,
    "Unique Tokens": 40,
    "Unique Lines": 3226,
    "1-gram Entropy": 3.245329901278696,
    "1-gram Normalized Entropy": 0.6098034102332949,
    "2-gram Entropy": 4.71789054707724,
    "2-gram Conditional Entropy": 1.472560645798544,
    "Entropy per Line": 20.487443133784172,
    "EoS Token Present": false,
    "EoS Padding": false
  }
}