{
  "by_target": {
    "ur": 5.254077434539795,
    "kk": 6.312388896942139,
    "ro": 5.910976409912109,
    "id": 6.3170061111450195,
    "he": 6.7045063972473145,
    "da": 6.093184947967529,
    "fa": 5.513086318969727,
    "fi": 6.661919593811035,
    "ja": 6.4518866539001465,
    "eu": 6.873769760131836
  },
  "score": 6.209280252456665,
  "analysis": {
    "Token Count": 1061520,
    "Line Count": 5396,
    "Tokens per Line": 196.72349888806522,
    "Tokens per Line SD": 70.45848929636027,
    "Unique Tokens": 4,
    "Unique Lines": 3078,
    "1-gram Entropy": 1.3859210431357307,
    "1-gram Normalized Entropy": 0.6929605215678654,
    "2-gram Entropy": 1.5389908995714305,
    "2-gram Conditional Entropy": 0.1530698564356998,
    "Entropy per Line": 272.64323678825826,
    "EoS Token Present": false,
    "EoS Padding": false
  }
}