{
  "by_target": {
    "ur": 5.114191055297852,
    "kk": 6.122864246368408,
    "ro": 5.775637149810791,
    "id": 6.18203067779541,
    "he": 6.574276924133301,
    "da": 5.941839218139648,
    "fa": 5.369147777557373,
    "fi": 6.486158847808838,
    "ja": 6.328263759613037,
    "eu": 6.803819179534912
  },
  "score": 6.069822883605957,
  "analysis": {
    "Token Count": 193176,
    "Line Count": 5762,
    "Tokens per Line": 33.52585907670947,
    "Tokens per Line SD": 13.813609277949576,
    "Unique Tokens": 7,
    "Unique Lines": 2766,
    "1-gram Entropy": 2.1651838992279173,
    "1-gram Normalized Entropy": 0.7712540663155557,
    "2-gram Entropy": 2.979210340976695,
    "2-gram Conditional Entropy": 0.8140264417487777,
    "Entropy per Line": 72.58965028067553,
    "EoS Token Present": false,
    "EoS Padding": false
  }
}