{
  "by_target": {
    "ur": 5.1063995361328125,
    "kk": 6.096050262451172,
    "ro": 5.744171619415283,
    "id": 6.15791654586792,
    "he": 6.540548324584961,
    "da": 5.902498245239258,
    "fa": 5.341968059539795,
    "fi": 6.411081790924072,
    "ja": 6.297040939331055,
    "eu": 6.813762664794922
  },
  "score": 6.041143798828125,
  "analysis": {
    "Token Count": 7212723,
    "Line Count": 1000,
    "Tokens per Line": 7212.723,
    "Tokens per Line SD": 404.6600453108758,
    "Unique Tokens": 21,
    "Unique Lines": 1000,
    "1-gram Entropy": 3.997152319081711,
    "1-gram Normalized Entropy": 0.9100326625649355,
    "2-gram Entropy": 7.039882055846521,
    "2-gram Conditional Entropy": 3.0427297367648096,
    "Entropy per Line": 28830.352466343997,
    "EoS Token Present": false,
    "EoS Padding": false
  }
}