{
  "by_target": {
    "kk": 5.881511688232422,
    "ro": 5.535388946533203,
    "he": 6.410853385925293,
    "da": 5.698676109313965,
    "id": 5.965201377868652,
    "ja": 6.087832927703857,
    "ur": 4.968863010406494,
    "fa": 5.201473712921143,
    "fi": 6.171406269073486,
    "eu": 6.789886474609375
  },
  "score": 5.871109390258789,
  "analysis": {
    "Token Count": 15000064,
    "Line Count": 58594,
    "Tokens per Line": 256.0,
    "Tokens per Line SD": 0.0,
    "Unique Tokens": 29937,
    "Unique Lines": 58594,
    "1-gram Entropy": 11.937575572854238,
    "1-gram Normalized Entropy": 0.8028152624448011,
    "2-gram Entropy": 19.2844521969428,
    "2-gram Conditional Entropy": 7.346876624088564,
    "Entropy per Line": 3056.019346650685,
    "EoS Token Present": false,
    "EoS Padding": false
  }
}