{
  "by_target": {
    "ur": 5.122316360473633,
    "kk": 6.120709419250488,
    "ro": 5.742636203765869,
    "id": 6.172682762145996,
    "he": 6.559537410736084,
    "da": 5.9067158699035645,
    "fa": 5.3494462966918945,
    "fi": 6.440154075622559,
    "ja": 6.298766136169434,
    "eu": 6.790368556976318
  },
  "score": 6.050333309173584,
  "analysis": {
    "Token Count": 110000,
    "Line Count": 10000,
    "Tokens per Line": 11.0,
    "Tokens per Line SD": 0.0,
    "Unique Tokens": 8,
    "Unique Lines": 1373,
    "1-gram Entropy": 2.5732431163576788,
    "1-gram Normalized Entropy": 0.8577477054525596,
    "2-gram Entropy": 3.7502942276789883,
    "2-gram Conditional Entropy": 1.1770511113213096,
    "Entropy per Line": 28.305674279934504,
    "EoS Token Present": true,
    "EoS Padding": true
  }
}