{
  "by_target": {
    "ur": 5.215641498565674,
    "kk": 6.2736711502075195,
    "ro": 5.905991554260254,
    "id": 6.302639007568359,
    "he": 6.699555397033691,
    "da": 6.066067695617676,
    "fa": 5.513210296630859,
    "fi": 6.666391849517822,
    "ja": 6.424528121948242,
    "eu": 6.866049289703369
  },
  "score": 6.193374586105347,
  "analysis": {
    "Token Count": 272712,
    "Line Count": 5629,
    "Tokens per Line": 48.44768164860544,
    "Tokens per Line SD": 15.939260276564395,
    "Unique Tokens": 6,
    "Unique Lines": 788,
    "1-gram Entropy": 0.986989832691488,
    "1-gram Normalized Entropy": 0.3818197874886527,
    "2-gram Entropy": 1.147285281179704,
    "2-gram Conditional Entropy": 0.16029544848821609,
    "Entropy per Line": 47.8173692046476,
    "EoS Token Present": false,
    "EoS Padding": false
  }
}