{
  "by_target": {
    "ur": 5.167628288269043,
    "kk": 6.212520122528076,
    "ro": 5.822198867797852,
    "id": 6.240849494934082,
    "he": 6.676061630249023,
    "da": 5.9676642417907715,
    "fa": 5.39899206161499,
    "fi": 6.579298496246338,
    "ja": 6.344274044036865,
    "eu": 6.868985176086426
  },
  "score": 6.1278472423553465,
  "analysis": {
    "Token Count": 72255,
    "Line Count": 10000,
    "Tokens per Line": 7.2255,
    "Tokens per Line SD": 2.9951710719089153,
    "Unique Tokens": 4,
    "Unique Lines": 1313,
    "1-gram Entropy": 1.981752770850987,
    "1-gram Normalized Entropy": 0.9908763854254935,
    "2-gram Entropy": 3.4690456181332916,
    "2-gram Conditional Entropy": 1.4872928472823046,
    "Entropy per Line": 14.319154645784568,
    "EoS Token Present": false,
    "EoS Padding": false
  }
}