{
  "by_target": {
    "ur": 5.094543933868408,
    "kk": 6.1261067390441895,
    "ro": 5.746779918670654,
    "id": 6.1609625816345215,
    "he": 6.554399013519287,
    "da": 5.913700103759766,
    "fa": 5.336978912353516,
    "fi": 6.453712463378906,
    "ja": 6.30143928527832,
    "eu": 6.851856231689453
  },
  "score": 6.054047918319702,
  "analysis": {
    "Token Count": 60054,
    "Line Count": 10000,
    "Tokens per Line": 6.0054,
    "Tokens per Line SD": 2.263000406539955,
    "Unique Tokens": 37,
    "Unique Lines": 3706,
    "1-gram Entropy": 3.534679345056147,
    "1-gram Normalized Entropy": 0.6785125227106042,
    "2-gram Entropy": 5.098628875011688,
    "2-gram Conditional Entropy": 1.5639495299555408,
    "Entropy per Line": 21.227163338803027,
    "EoS Token Present": false,
    "EoS Padding": false
  }
}