{
  "by_target": {
    "ur": 5.089885234832764,
    "kk": 6.102795600891113,
    "ro": 5.741506576538086,
    "id": 6.159800052642822,
    "he": 6.546133041381836,
    "da": 5.906087398529053,
    "fa": 5.345057010650635,
    "fi": 6.43237829208374,
    "ja": 6.291701793670654,
    "eu": 6.855044841766357
  },
  "score": 6.047038984298706,
  "analysis": {
    "Token Count": 1164800,
    "Line Count": 166400,
    "Tokens per Line": 7.0,
    "Tokens per Line SD": 0.0,
    "Unique Tokens": 17,
    "Unique Lines": 7683,
    "1-gram Entropy": 3.2244390940935834,
    "1-gram Normalized Entropy": 0.7888607723971969,
    "2-gram Entropy": 5.90845478578298,
    "2-gram Conditional Entropy": 2.6840156916893965,
    "Entropy per Line": 22.571073658655084,
    "EoS Token Present": false,
    "EoS Padding": false
  }
}