{
  "by_target": {
    "ur": 5.092099666595459,
    "kk": 6.087010860443115,
    "ro": 5.714105606079102,
    "id": 6.139212608337402,
    "he": 6.524847507476807,
    "da": 5.885819911956787,
    "fa": 5.3284173011779785,
    "fi": 6.402835845947266,
    "ja": 6.268317699432373,
    "eu": 6.759089469909668
  },
  "score": 6.020175647735596,
  "analysis": {
    "Token Count": 1333330,
    "Line Count": 133333,
    "Tokens per Line": 10.0,
    "Tokens per Line SD": 0.0,
    "Unique Tokens": 23,
    "Unique Lines": 39457,
    "1-gram Entropy": 3.1038811517914215,
    "1-gram Normalized Entropy": 0.6861586470890157,
    "2-gram Entropy": 5.641345978633845,
    "2-gram Conditional Entropy": 2.537464826842424,
    "Entropy per Line": 31.03881151791421,
    "EoS Token Present": false,
    "EoS Padding": false
  }
}