{
  "by_target": {
    "ur": 5.076240062713623,
    "kk": 6.075027942657471,
    "ro": 5.722237586975098,
    "id": 6.149300575256348,
    "he": 6.522922992706299,
    "da": 5.883633613586426,
    "fa": 5.322396755218506,
    "fi": 6.396941184997559,
    "ja": 6.275529861450195,
    "eu": 6.864323616027832
  },
  "score": 6.028855419158935,
  "analysis": {
    "Token Count": 58786,
    "Line Count": 10000,
    "Tokens per Line": 5.8786,
    "Tokens per Line SD": 2.187661317480382,
    "Unique Tokens": 64,
    "Unique Lines": 9044,
    "1-gram Entropy": 5.3406379945923845,
    "1-gram Normalized Entropy": 0.890106332432064,
    "2-gram Entropy": 8.433494048329662,
    "2-gram Conditional Entropy": 3.092856053737277,
    "Entropy per Line": 31.395474515010793,
    "EoS Token Present": false,
    "EoS Padding": false
  }
}