{
  "by_target": {
    "ur": 5.154411315917969,
    "kk": 6.141420364379883,
    "ro": 5.805256366729736,
    "id": 6.205410003662109,
    "he": 6.581160545349121,
    "da": 5.948540687561035,
    "fa": 5.388242721557617,
    "fi": 6.474486827850342,
    "ja": 6.333833694458008,
    "eu": 6.852819919586182
  },
  "score": 6.0885582447052,
  "analysis": {
    "Token Count": 469440,
    "Line Count": 5765,
    "Tokens per Line": 81.42931483087598,
    "Tokens per Line SD": 33.13108984959007,
    "Unique Tokens": 15,
    "Unique Lines": 1430,
    "1-gram Entropy": 2.9409852228832984,
    "1-gram Normalized Entropy": 0.7527687686440641,
    "2-gram Entropy": 3.157215160740902,
    "2-gram Conditional Entropy": 0.21622993785760336,
    "Entropy per Line": 239.48241162711844,
    "EoS Token Present": false,
    "EoS Padding": false
  }
}