{
  "by_target": {
    "ur": 5.1130242347717285,
    "kk": 6.089627742767334,
    "ro": 5.7405219078063965,
    "id": 6.154141902923584,
    "he": 6.538525104522705,
    "da": 5.888157844543457,
    "fa": 5.3416595458984375,
    "fi": 6.405625343322754,
    "ja": 6.28995943069458,
    "eu": 6.806252479553223
  },
  "score": 6.03674955368042,
  "analysis": {
    "Token Count": 7196469,
    "Line Count": 999,
    "Tokens per Line": 7203.672672672673,
    "Tokens per Line SD": 396.8066651323506,
    "Unique Tokens": 21,
    "Unique Lines": 999,
    "1-gram Entropy": 4.196959513010273,
    "1-gram Normalized Entropy": 0.9555228160980915,
    "2-gram Entropy": 7.403070998635425,
    "2-gram Conditional Entropy": 3.2061114856251516,
    "Entropy per Line": 30233.522552185706,
    "EoS Token Present": false,
    "EoS Padding": false
  }
}