{
  "by_target": {
    "ur": 5.106415271759033,
    "kk": 6.163894176483154,
    "ro": 5.762977123260498,
    "id": 6.192272186279297,
    "he": 6.580026626586914,
    "da": 5.9387712478637695,
    "fa": 5.349771499633789,
    "fi": 6.5078816413879395,
    "ja": 6.313283920288086,
    "eu": 6.829246997833252
  },
  "score": 6.074454069137573,
  "analysis": {
    "Token Count": 62566,
    "Line Count": 10000,
    "Tokens per Line": 6.2566,
    "Tokens per Line SD": 2.364647212587958,
    "Unique Tokens": 9,
    "Unique Lines": 2100,
    "1-gram Entropy": 2.7548780326717806,
    "1-gram Normalized Entropy": 0.8690672591365141,
    "2-gram Entropy": 4.20250206240595,
    "2-gram Conditional Entropy": 1.4476240297341691,
    "Entropy per Line": 17.23616989921494,
    "EoS Token Present": false,
    "EoS Padding": false
  }
}