{
  "by_target": {
    "ur": 5.09467077255249,
    "kk": 6.0814409255981445,
    "ro": 5.720849990844727,
    "id": 6.141761302947998,
    "he": 6.53463077545166,
    "da": 5.87350606918335,
    "fa": 5.328908920288086,
    "fi": 6.407369613647461,
    "ja": 6.262172222137451,
    "eu": 6.797091484069824
  },
  "score": 6.024240207672119,
  "analysis": {
    "Token Count": 2500000,
    "Line Count": 250000,
    "Tokens per Line": 10.0,
    "Tokens per Line SD": 0.0,
    "Unique Tokens": 20,
    "Unique Lines": 145834,
    "1-gram Entropy": 4.1217964300030046,
    "1-gram Normalized Entropy": 0.9536938929823695,
    "2-gram Entropy": 6.882812674389346,
    "2-gram Conditional Entropy": 2.761016244386341,
    "Entropy per Line": 41.21796430003004,
    "EoS Token Present": false,
    "EoS Padding": false
  }
}