{
  "by_target": {
    "ur": 5.11484432220459,
    "kk": 6.127132415771484,
    "ro": 5.740480899810791,
    "id": 6.165982723236084,
    "he": 6.561335563659668,
    "da": 5.899035453796387,
    "fa": 5.347505569458008,
    "fi": 6.433180809020996,
    "ja": 6.310593128204346,
    "eu": 6.811458110809326
  },
  "score": 6.051154899597168,
  "analysis": {
    "Token Count": 110000,
    "Line Count": 10000,
    "Tokens per Line": 11.0,
    "Tokens per Line SD": 0.0,
    "Unique Tokens": 9,
    "Unique Lines": 187,
    "1-gram Entropy": 2.564778289894737,
    "1-gram Normalized Entropy": 0.8090974672043553,
    "2-gram Entropy": 3.5446133055054734,
    "2-gram Conditional Entropy": 0.9798350156107363,
    "Entropy per Line": 28.21256118884213,
    "EoS Token Present": true,
    "EoS Padding": true
  }
}