{
  "by_target": {
    "ur": 5.114858150482178,
    "kk": 6.101044654846191,
    "ro": 5.7367072105407715,
    "id": 6.158962726593018,
    "he": 6.546693801879883,
    "da": 5.892974376678467,
    "fa": 5.338144779205322,
    "fi": 6.41001558303833,
    "ja": 6.303633689880371,
    "eu": 6.815955638885498
  },
  "score": 6.041899061203003,
  "analysis": {
    "Token Count": 2500000,
    "Line Count": 250000,
    "Tokens per Line": 10.0,
    "Tokens per Line SD": 0.0,
    "Unique Tokens": 20,
    "Unique Lines": 126775,
    "1-gram Entropy": 3.9087127249184563,
    "1-gram Normalized Entropy": 0.9043909660464456,
    "2-gram Entropy": 6.328753505935751,
    "2-gram Conditional Entropy": 2.4200407810172946,
    "Entropy per Line": 39.08712724918456,
    "EoS Token Present": false,
    "EoS Padding": false
  }
}