{
  "by_target": {
    "ur": 5.204964637756348,
    "kk": 6.301287651062012,
    "ro": 5.879369258880615,
    "id": 6.297142505645752,
    "he": 6.68686580657959,
    "da": 6.050484657287598,
    "fa": 5.466098308563232,
    "fi": 6.696832656860352,
    "ja": 6.440929412841797,
    "eu": 6.868181228637695
  },
  "score": 6.189215612411499,
  "analysis": {
    "Token Count": 855744,
    "Line Count": 5508,
    "Tokens per Line": 155.36383442265796,
    "Tokens per Line SD": 58.65935485576524,
    "Unique Tokens": 3,
    "Unique Lines": 1887,
    "1-gram Entropy": 1.3505595345899266,
    "1-gram Normalized Entropy": 0.8521081943424047,
    "2-gram Entropy": 1.463219811976437,
    "2-gram Conditional Entropy": 0.11266027738651041,
    "Entropy per Line": 209.82810790997215,
    "EoS Token Present": false,
    "EoS Padding": false
  }
}