{
  "by_target": {
    "he": 6.623152256011963,
    "da": 6.013225078582764,
    "fi": 6.5039143562316895,
    "eu": 6.901965618133545,
    "id": 6.250864028930664,
    "ur": 5.224597930908203,
    "ja": 6.393056392669678,
    "fa": 5.458319187164307,
    "ro": 5.863643169403076,
    "kk": 6.203719615936279
  },
  "score": 6.143645763397217,
  "analysis": {
    "Token Count": 15000064,
    "Line Count": 58594,
    "Tokens per Line": 256.0,
    "Tokens per Line SD": 0.0,
    "Unique Tokens": 29990,
    "Unique Lines": 58594,
    "1-gram Entropy": 14.870760863966124,
    "1-gram Normalized Entropy": 0.99990364314778,
    "2-gram Entropy": 23.816262433587074,
    "2-gram Conditional Entropy": 8.94550156962095,
    "Entropy per Line": 3806.914781175328,
    "EoS Token Present": false,
    "EoS Padding": false
  }
}