{
  "by_target": {
    "ur": 5.156540393829346,
    "kk": 6.17629337310791,
    "ro": 5.805668830871582,
    "id": 6.2091450691223145,
    "he": 6.594264507293701,
    "da": 5.960158824920654,
    "fa": 5.39154577255249,
    "fi": 6.512423038482666,
    "ja": 6.350963592529297,
    "eu": 6.822399139404297
  },
  "score": 6.097940254211426,
  "analysis": {
    "Token Count": 402248,
    "Line Count": 5728,
    "Tokens per Line": 70.22486033519553,
    "Tokens per Line SD": 30.84960358224415,
    "Unique Tokens": 6,
    "Unique Lines": 3241,
    "1-gram Entropy": 1.9969547482878163,
    "1-gram Normalized Entropy": 0.7725275502954891,
    "2-gram Entropy": 2.40619670851971,
    "2-gram Conditional Entropy": 0.40924196023189374,
    "Entropy per Line": 140.2358682942175,
    "EoS Token Present": false,
    "EoS Padding": false
  }
}