{
  "by_target": {
    "ur": 5.093202590942383,
    "kk": 6.0696797370910645,
    "ro": 5.711314678192139,
    "id": 6.139473915100098,
    "he": 6.527037620544434,
    "da": 5.880101680755615,
    "fa": 5.318323135375977,
    "fi": 6.398675441741943,
    "ja": 6.273504257202148,
    "eu": 6.830309867858887
  },
  "score": 6.024162292480469,
  "analysis": {
    "Token Count": 2500000,
    "Line Count": 250000,
    "Tokens per Line": 10.0,
    "Tokens per Line SD": 0.0,
    "Unique Tokens": 20,
    "Unique Lines": 120182,
    "1-gram Entropy": 3.975497542499577,
    "1-gram Normalized Entropy": 0.9198435178045659,
    "2-gram Entropy": 6.375876157622154,
    "2-gram Conditional Entropy": 2.400378615122577,
    "Entropy per Line": 39.75497542499577,
    "EoS Token Present": false,
    "EoS Padding": false
  }
}