{
  "by_target": {
    "ur": 5.1036577224731445,
    "kk": 6.157488822937012,
    "ro": 5.760110855102539,
    "id": 6.186659336090088,
    "he": 6.595314025878906,
    "da": 5.935701370239258,
    "fa": 5.353614330291748,
    "fi": 6.507796287536621,
    "ja": 6.315122604370117,
    "eu": 6.832011699676514
  },
  "score": 6.074747705459595,
  "analysis": {
    "Token Count": 61659,
    "Line Count": 10000,
    "Tokens per Line": 6.1659,
    "Tokens per Line SD": 2.3230103723401667,
    "Unique Tokens": 12,
    "Unique Lines": 1961,
    "1-gram Entropy": 2.8042006103966943,
    "1-gram Normalized Entropy": 0.7822119784607503,
    "2-gram Entropy": 4.106729066762161,
    "2-gram Conditional Entropy": 1.3025284563654664,
    "Entropy per Line": 17.29042054364509,
    "EoS Token Present": false,
    "EoS Padding": false
  }
}