{
  "by_target": {
    "ur": 5.010730743408203,
    "kk": 5.981019020080566,
    "ro": 5.652775287628174,
    "id": 6.08098030090332,
    "he": 6.479922294616699,
    "da": 5.813536167144775,
    "fa": 5.275643825531006,
    "fi": 6.311648845672607,
    "ja": 6.215737819671631,
    "eu": 6.818851947784424
  },
  "score": 5.964084625244141,
  "analysis": {
    "Token Count": 1241745,
    "Line Count": 82783,
    "Tokens per Line": 15.0,
    "Tokens per Line SD": 0.0,
    "Unique Tokens": 902,
    "Unique Lines": 82783,
    "1-gram Entropy": 6.5993211324829595,
    "1-gram Normalized Entropy": 0.6722351167877958,
    "2-gram Entropy": 12.884451168834724,
    "2-gram Conditional Entropy": 6.285130036351765,
    "Entropy per Line": 98.98981698724984,
    "EoS Token Present": true,
    "EoS Padding": false
  }
}