{
  "by_target": {
    "ur": 5.125786304473877,
    "kk": 6.152948379516602,
    "ro": 5.764644145965576,
    "id": 6.19105339050293,
    "he": 6.608663082122803,
    "da": 5.9573750495910645,
    "fa": 5.371835231781006,
    "fi": 6.523295879364014,
    "ja": 6.320620059967041,
    "eu": 6.814112663269043
  },
  "score": 6.083033418655395,
  "analysis": {
    "Token Count": 61295,
    "Line Count": 10000,
    "Tokens per Line": 6.1295,
    "Tokens per Line SD": 2.3153681672684367,
    "Unique Tokens": 7,
    "Unique Lines": 1937,
    "1-gram Entropy": 2.758576903347756,
    "1-gram Normalized Entropy": 0.9826249191626625,
    "2-gram Entropy": 4.12317550661998,
    "2-gram Conditional Entropy": 1.3645986032722237,
    "Entropy per Line": 16.90869712907007,
    "EoS Token Present": false,
    "EoS Padding": false
  }
}