{
  "by_target": {
    "ur": 5.2086896896362305,
    "kk": 6.243866443634033,
    "ro": 5.8235297203063965,
    "id": 6.247304439544678,
    "he": 6.6233811378479,
    "da": 5.988844871520996,
    "fa": 5.444425582885742,
    "fi": 6.571012496948242,
    "ja": 6.400262832641602,
    "eu": 6.867186546325684
  },
  "score": 6.141850376129151,
  "analysis": {
    "Token Count": 48616,
    "Line Count": 6001,
    "Tokens per Line": 8.10131644725879,
    "Tokens per Line SD": 0.894576187691791,
    "Unique Tokens": 4,
    "Unique Lines": 41,
    "1-gram Entropy": 1.643569178805281,
    "1-gram Normalized Entropy": 0.8217845894026405,
    "2-gram Entropy": 1.73135901618014,
    "2-gram Conditional Entropy": 0.0877898373748589,
    "Entropy per Line": 13.315074020462943,
    "EoS Token Present": false,
    "EoS Padding": false
  }
}