{
  "by_target": {
    "ur": 4.959878921508789,
    "ja": 6.094241619110107,
    "fa": 5.213193893432617,
    "id": 5.9858574867248535,
    "fi": 6.19126033782959,
    "eu": 6.796230316162109,
    "da": 5.697270393371582,
    "he": 6.407164573669434,
    "kk": 5.889457702636719,
    "ro": 5.536045074462891
  },
  "score": 5.877060031890869,
  "analysis": {
    "Token Count": 15000064,
    "Line Count": 58594,
    "Tokens per Line": 256.0,
    "Tokens per Line SD": 0.0,
    "Unique Tokens": 29883,
    "Unique Lines": 58594,
    "1-gram Entropy": 11.748748674860735,
    "1-gram Normalized Entropy": 0.7902548694144953,
    "2-gram Entropy": 18.575098425751147,
    "2-gram Conditional Entropy": 6.826349750890412,
    "Entropy per Line": 3007.6796607643487,
    "EoS Token Present": false,
    "EoS Padding": false
  }
}