{
  "by_target": {
    "ur": 5.111482620239258,
    "kk": 6.162815093994141,
    "ro": 5.7580671310424805,
    "id": 6.182774543762207,
    "he": 6.577821254730225,
    "da": 5.928977966308594,
    "fa": 5.360195636749268,
    "fi": 6.494405269622803,
    "ja": 6.317400932312012,
    "eu": 6.813858985900879
  },
  "score": 6.070779943466187,
  "analysis": {
    "Token Count": 110000,
    "Line Count": 10000,
    "Tokens per Line": 11.0,
    "Tokens per Line SD": 0.0,
    "Unique Tokens": 9,
    "Unique Lines": 1015,
    "1-gram Entropy": 2.4625003710989724,
    "1-gram Normalized Entropy": 0.7768323761535486,
    "2-gram Entropy": 3.5783260124681178,
    "2-gram Conditional Entropy": 1.1158256413691454,
    "Entropy per Line": 27.087504082088707,
    "EoS Token Present": false,
    "EoS Padding": false
  }
}