{
  "by_target": {
    "id": 6.182794094085693,
    "fa": 5.399262428283691,
    "ur": 5.166411876678467,
    "ja": 6.338593482971191,
    "eu": 6.8528571128845215,
    "fi": 6.4135894775390625,
    "he": 6.561198711395264,
    "da": 5.938986778259277,
    "kk": 6.113583564758301,
    "ro": 5.783875465393066
  },
  "score": 6.075115299224853
}