{
  "by_target": {
    "ur": 5.127101421356201,
    "kk": 6.119235038757324,
    "ro": 5.74456787109375,
    "id": 6.170896053314209,
    "he": 6.548982620239258,
    "da": 5.903825759887695,
    "fa": 5.35324764251709,
    "fi": 6.433992862701416,
    "ja": 6.296570301055908,
    "eu": 6.845338344573975
  },
  "score": 6.054375791549683,
  "analysis": {
    "Token Count": 110000,
    "Line Count": 10000,
    "Tokens per Line": 11.0,
    "Tokens per Line SD": 0.0,
    "Unique Tokens": 10,
    "Unique Lines": 2789,
    "1-gram Entropy": 2.5563153301712918,
    "1-gram Normalized Entropy": 0.7695275927572327,
    "2-gram Entropy": 3.7125308843472333,
    "2-gram Conditional Entropy": 1.1562155541759416,
    "Entropy per Line": 28.11946863188421,
    "EoS Token Present": true,
    "EoS Padding": true
  }
}