{
  "by_target": {
    "fa": 5.195905685424805,
    "ur": 4.941908359527588,
    "ja": 6.0785088539123535,
    "id": 5.945819854736328,
    "eu": 6.771645545959473,
    "fi": 6.180574893951416,
    "da": 5.701460838317871,
    "he": 6.401161193847656,
    "kk": 5.879395484924316,
    "ro": 5.530088901519775
  },
  "score": 5.862646961212159,
  "analysis": {
    "Token Count": 15000064,
    "Line Count": 58594,
    "Tokens per Line": 256.0,
    "Tokens per Line SD": 0.0,
    "Unique Tokens": 29857,
    "Unique Lines": 58594,
    "1-gram Entropy": 12.039983317037374,
    "1-gram Normalized Entropy": 0.8099125661620797,
    "2-gram Entropy": 19.743387061045944,
    "2-gram Conditional Entropy": 7.70340374400857,
    "Entropy per Line": 3082.235729161568,
    "EoS Token Present": false,
    "EoS Padding": false
  }
}