{
  "by_target": {
    "ur": 5.090419769287109,
    "kk": 6.0855278968811035,
    "ro": 5.729321002960205,
    "id": 6.148319244384766,
    "he": 6.535755157470703,
    "da": 5.8867950439453125,
    "fa": 5.32916784286499,
    "fi": 6.416177272796631,
    "ja": 6.274229049682617,
    "eu": 6.868936538696289
  },
  "score": 6.036464881896973,
  "analysis": {
    "Token Count": 110000,
    "Line Count": 10000,
    "Tokens per Line": 11.0,
    "Tokens per Line SD": 0.0,
    "Unique Tokens": 10,
    "Unique Lines": 3279,
    "1-gram Entropy": 2.8873936216106038,
    "1-gram Normalized Entropy": 0.869192089393647,
    "2-gram Entropy": 4.30802137646424,
    "2-gram Conditional Entropy": 1.4206277548536366,
    "Entropy per Line": 31.761329837716644,
    "EoS Token Present": true,
    "EoS Padding": true
  }
}