{
  "by_target": {
    "ur": 5.088325023651123,
    "kk": 6.089372158050537,
    "ro": 5.733869552612305,
    "id": 6.152746200561523,
    "he": 6.529045581817627,
    "da": 5.892332077026367,
    "fa": 5.337087154388428,
    "fi": 6.414973735809326,
    "ja": 6.278338432312012,
    "eu": 6.876923561096191
  },
  "score": 6.039301347732544,
  "analysis": {
    "Token Count": 62019,
    "Line Count": 10000,
    "Tokens per Line": 6.2019,
    "Tokens per Line SD": 2.3141599750233346,
    "Unique Tokens": 64,
    "Unique Lines": 8643,
    "1-gram Entropy": 4.966694806994372,
    "1-gram Normalized Entropy": 0.8277824678323954,
    "2-gram Entropy": 7.739814456099513,
    "2-gram Conditional Entropy": 2.7731196491051406,
    "Entropy per Line": 30.802944523498393,
    "EoS Token Present": false,
    "EoS Padding": false
  }
}