{
  "by_target": {
    "kk": 5.886020183563232,
    "ro": 5.539139747619629,
    "ja": 6.109601020812988,
    "ur": 4.977783203125,
    "fa": 5.207950592041016,
    "id": 6.0057854652404785,
    "fi": 6.1984429359436035,
    "eu": 6.822916030883789,
    "da": 5.708462238311768,
    "he": 6.4221367835998535
  },
  "score": 5.887823820114136,
  "analysis": {
    "Token Count": 15000064,
    "Line Count": 58594,
    "Tokens per Line": 256.0,
    "Tokens per Line SD": 0.0,
    "Unique Tokens": 29883,
    "Unique Lines": 58594,
    "1-gram Entropy": 11.748748674860735,
    "1-gram Normalized Entropy": 0.7902548694144953,
    "2-gram Entropy": 18.575098425751147,
    "2-gram Conditional Entropy": 6.826349750890412,
    "Entropy per Line": 3007.6796607643487,
    "EoS Token Present": false,
    "EoS Padding": false
  }
}