{
  "by_target": {
    "ur": 5.240058898925781,
    "kk": 6.295058250427246,
    "ro": 5.906279563903809,
    "id": 6.315678596496582,
    "he": 6.718239784240723,
    "da": 6.0874223709106445,
    "fa": 5.496261119842529,
    "fi": 6.64566707611084,
    "ja": 6.44442892074585,
    "eu": 6.8614115715026855
  },
  "score": 6.201050615310669,
  "analysis": {
    "Token Count": 272712,
    "Line Count": 5629,
    "Tokens per Line": 48.44768164860544,
    "Tokens per Line SD": 15.939260276564395,
    "Unique Tokens": 6,
    "Unique Lines": 788,
    "1-gram Entropy": 0.986989832691488,
    "1-gram Normalized Entropy": 0.3818197874886527,
    "2-gram Entropy": 1.147285281179704,
    "2-gram Conditional Entropy": 0.16029544848821609,
    "Entropy per Line": 47.8173692046476,
    "EoS Token Present": false,
    "EoS Padding": false
  }
}