{
  "by_target": {
    "ur": 5.077729225158691,
    "kk": 6.125694274902344,
    "ro": 5.745567321777344,
    "id": 6.165027618408203,
    "he": 6.5637125968933105,
    "da": 5.904296875,
    "fa": 5.342240333557129,
    "fi": 6.4453020095825195,
    "ja": 6.288368225097656,
    "eu": 6.831460475921631
  },
  "score": 6.048939895629883,
  "analysis": {
    "Token Count": 59936,
    "Line Count": 10000,
    "Tokens per Line": 5.9936,
    "Tokens per Line SD": 2.2825334696341257,
    "Unique Tokens": 15,
    "Unique Lines": 3124,
    "1-gram Entropy": 3.186152627332187,
    "1-gram Normalized Entropy": 0.8155213332345507,
    "2-gram Entropy": 4.6554718108930695,
    "2-gram Conditional Entropy": 1.4693191835608825,
    "Entropy per Line": 19.096524387178224,
    "EoS Token Present": false,
    "EoS Padding": false
  }
}