{
  "by_target": {
    "ur": 5.018223762512207,
    "kk": 6.002830982208252,
    "ro": 5.658000469207764,
    "id": 6.093984603881836,
    "he": 6.480563640594482,
    "da": 5.825227737426758,
    "fa": 5.286224842071533,
    "fi": 6.326387405395508,
    "ja": 6.224348545074463,
    "eu": 6.8211493492126465
  },
  "score": 5.973694133758545,
  "analysis": {
    "Token Count": 1241745,
    "Line Count": 82783,
    "Tokens per Line": 15.0,
    "Tokens per Line SD": 0.0,
    "Unique Tokens": 902,
    "Unique Lines": 82783,
    "1-gram Entropy": 6.5993211324829595,
    "1-gram Normalized Entropy": 0.6722351167877958,
    "2-gram Entropy": 12.884451168834724,
    "2-gram Conditional Entropy": 6.285130036351765,
    "Entropy per Line": 98.98981698724984,
    "EoS Token Present": true,
    "EoS Padding": false
  }
}