{
  "by_target": {
    "ur": 5.126041889190674,
    "kk": 6.244086742401123,
    "ro": 5.8066725730896,
    "id": 6.247840404510498,
    "he": 6.667236804962158,
    "da": 5.974555492401123,
    "fa": 5.394925117492676,
    "fi": 6.5965471267700195,
    "ja": 6.358134746551514,
    "eu": 6.846133708953857
  },
  "score": 6.126217460632324,
  "analysis": {
    "Token Count": 72255,
    "Line Count": 10000,
    "Tokens per Line": 7.2255,
    "Tokens per Line SD": 2.9951710719089153,
    "Unique Tokens": 4,
    "Unique Lines": 1313,
    "1-gram Entropy": 1.981752770850987,
    "1-gram Normalized Entropy": 0.9908763854254935,
    "2-gram Entropy": 3.4690456181332916,
    "2-gram Conditional Entropy": 1.4872928472823046,
    "Entropy per Line": 14.319154645784568,
    "EoS Token Present": false,
    "EoS Padding": false
  }
}