{
  "by_target": {
    "ur": 5.120885372161865,
    "kk": 6.119068145751953,
    "ro": 5.7501068115234375,
    "id": 6.172466278076172,
    "he": 6.559627056121826,
    "da": 5.917366027832031,
    "fa": 5.351166725158691,
    "fi": 6.451730251312256,
    "ja": 6.301220893859863,
    "eu": 6.832411766052246
  },
  "score": 6.0576049327850345,
  "analysis": {
    "Token Count": 110000,
    "Line Count": 10000,
    "Tokens per Line": 11.0,
    "Tokens per Line SD": 0.0,
    "Unique Tokens": 9,
    "Unique Lines": 2656,
    "1-gram Entropy": 2.802139568279333,
    "1-gram Normalized Entropy": 0.8839766136436549,
    "2-gram Entropy": 4.006085509187663,
    "2-gram Conditional Entropy": 1.2039459409083304,
    "Entropy per Line": 30.823535251072684,
    "EoS Token Present": true,
    "EoS Padding": true
  }
}