{
  "by_target": {
    "ur": 5.0737528800964355,
    "kk": 6.059290885925293,
    "ro": 5.713562965393066,
    "id": 6.131577491760254,
    "he": 6.522382736206055,
    "da": 5.8720502853393555,
    "fa": 5.3244099617004395,
    "fi": 6.381298065185547,
    "ja": 6.256975173950195,
    "eu": 6.792827606201172
  },
  "score": 6.012812805175781,
  "analysis": {
    "Token Count": 1333330,
    "Line Count": 133333,
    "Tokens per Line": 10.0,
    "Tokens per Line SD": 0.0,
    "Unique Tokens": 23,
    "Unique Lines": 35042,
    "1-gram Entropy": 3.2135375932327217,
    "1-gram Normalized Entropy": 0.7103998186495093,
    "2-gram Entropy": 5.5099036132360695,
    "2-gram Conditional Entropy": 2.2963660200033478,
    "Entropy per Line": 32.13537593232721,
    "EoS Token Present": false,
    "EoS Padding": false
  }
}