{
  "by_target": {
    "ur": 5.126958847045898,
    "kk": 6.116842269897461,
    "ro": 5.761399745941162,
    "id": 6.183936595916748,
    "he": 6.556538105010986,
    "da": 5.909018039703369,
    "fa": 5.354857444763184,
    "fi": 6.458500385284424,
    "ja": 6.329110145568848,
    "eu": 6.798723220825195
  },
  "score": 6.059588479995727,
  "analysis": {
    "Token Count": 110000,
    "Line Count": 10000,
    "Tokens per Line": 11.0,
    "Tokens per Line SD": 0.0,
    "Unique Tokens": 10,
    "Unique Lines": 220,
    "1-gram Entropy": 2.4946986365749027,
    "1-gram Normalized Entropy": 0.7509791197510828,
    "2-gram Entropy": 3.55027839976768,
    "2-gram Conditional Entropy": 1.0555797631927772,
    "Entropy per Line": 27.441685002323926,
    "EoS Token Present": true,
    "EoS Padding": true
  }
}