{
  "by_target": {
    "ur": 5.076613426208496,
    "kk": 6.071707248687744,
    "ro": 5.728063106536865,
    "id": 6.14792537689209,
    "he": 6.5237579345703125,
    "da": 5.8811140060424805,
    "fa": 5.329357624053955,
    "fi": 6.39806604385376,
    "ja": 6.272420406341553,
    "eu": 6.869537353515625
  },
  "score": 6.029856252670288,
  "analysis": {
    "Token Count": 61106,
    "Line Count": 10000,
    "Tokens per Line": 6.1106,
    "Tokens per Line SD": 2.289490694455865,
    "Unique Tokens": 64,
    "Unique Lines": 9263,
    "1-gram Entropy": 5.266346869342344,
    "1-gram Normalized Entropy": 0.877724478223724,
    "2-gram Entropy": 8.660964621393294,
    "2-gram Conditional Entropy": 3.3946177520509497,
    "Entropy per Line": 32.18053917980333,
    "EoS Token Present": false,
    "EoS Padding": false
  }
}