{
  "by_target": {
    "eu": 6.774649143218994,
    "fi": 6.178825855255127,
    "id": 5.966053485870361,
    "fa": 5.203244686126709,
    "ja": 6.079222679138184,
    "ur": 4.949496746063232,
    "he": 6.4120001792907715,
    "da": 5.698965549468994,
    "ro": 5.537374019622803,
    "kk": 5.860997200012207
  },
  "score": 5.866082954406738,
  "analysis": {
    "Token Count": 15000064,
    "Line Count": 58594,
    "Tokens per Line": 256.0,
    "Tokens per Line SD": 0.0,
    "Unique Tokens": 29937,
    "Unique Lines": 58594,
    "1-gram Entropy": 11.937575572854238,
    "1-gram Normalized Entropy": 0.8028152624448011,
    "2-gram Entropy": 19.2844521969428,
    "2-gram Conditional Entropy": 7.346876624088564,
    "Entropy per Line": 3056.019346650685,
    "EoS Token Present": false,
    "EoS Padding": false
  }
}