{
  "by_target": {
    "ur": 5.197025299072266,
    "kk": 6.164909362792969,
    "ro": 5.839641094207764,
    "id": 6.222564697265625,
    "he": 6.6060872077941895,
    "da": 5.978122711181641,
    "fa": 5.418304443359375,
    "fi": 6.4748921394348145,
    "ja": 6.3769707679748535,
    "eu": 6.850887298583984
  },
  "score": 6.112940502166748,
  "analysis": {
    "Token Count": 48616,
    "Line Count": 6001,
    "Tokens per Line": 8.10131644725879,
    "Tokens per Line SD": 0.894576187691791,
    "Unique Tokens": 4,
    "Unique Lines": 41,
    "1-gram Entropy": 1.643569178805281,
    "1-gram Normalized Entropy": 0.8217845894026405,
    "2-gram Entropy": 1.73135901618014,
    "2-gram Conditional Entropy": 0.0877898373748589,
    "Entropy per Line": 13.315074020462943,
    "EoS Token Present": false,
    "EoS Padding": false
  }
}