{
  "by_target": {
    "ur": 5.1119303703308105,
    "kk": 6.126047611236572,
    "ro": 5.76798152923584,
    "id": 6.177104949951172,
    "he": 6.5767292976379395,
    "da": 5.930789470672607,
    "fa": 5.358382701873779,
    "fi": 6.490503787994385,
    "ja": 6.320468425750732,
    "eu": 6.8491644859313965
  },
  "score": 6.070910263061523,
  "analysis": {
    "Token Count": 61659,
    "Line Count": 10000,
    "Tokens per Line": 6.1659,
    "Tokens per Line SD": 2.3230103723401667,
    "Unique Tokens": 12,
    "Unique Lines": 1961,
    "1-gram Entropy": 2.8042006103966943,
    "1-gram Normalized Entropy": 0.7822119784607503,
    "2-gram Entropy": 4.106729066762161,
    "2-gram Conditional Entropy": 1.3025284563654664,
    "Entropy per Line": 17.29042054364509,
    "EoS Token Present": false,
    "EoS Padding": false
  }
}