{
  "by_target": {
    "ur": 5.100876808166504,
    "kk": 6.069600582122803,
    "ro": 5.718441486358643,
    "id": 6.149845600128174,
    "he": 6.532606601715088,
    "da": 5.877467632293701,
    "fa": 5.334803104400635,
    "fi": 6.399141311645508,
    "ja": 6.269234657287598,
    "eu": 6.779046058654785
  },
  "score": 6.023106384277344,
  "analysis": {
    "Token Count": 2500000,
    "Line Count": 250000,
    "Tokens per Line": 10.0,
    "Tokens per Line SD": 0.0,
    "Unique Tokens": 20,
    "Unique Lines": 126775,
    "1-gram Entropy": 3.9087127249184563,
    "1-gram Normalized Entropy": 0.9043909660464456,
    "2-gram Entropy": 6.328753505935751,
    "2-gram Conditional Entropy": 2.4200407810172946,
    "Entropy per Line": 39.08712724918456,
    "EoS Token Present": false,
    "EoS Padding": false
  }
}