{
  "by_target": {
    "ur": 5.100462436676025,
    "kk": 6.141567230224609,
    "ro": 5.760191440582275,
    "id": 6.179061412811279,
    "he": 6.58168363571167,
    "da": 5.9388837814331055,
    "fa": 5.357737064361572,
    "fi": 6.509390354156494,
    "ja": 6.299176216125488,
    "eu": 6.855221748352051
  },
  "score": 6.072337532043457,
  "analysis": {
    "Token Count": 65528,
    "Line Count": 10000,
    "Tokens per Line": 6.5528,
    "Tokens per Line SD": 2.521192606684384,
    "Unique Tokens": 8,
    "Unique Lines": 2317,
    "1-gram Entropy": 2.8054177457181675,
    "1-gram Normalized Entropy": 0.9351392485727225,
    "2-gram Entropy": 4.24022357286714,
    "2-gram Conditional Entropy": 1.4348058271489723,
    "Entropy per Line": 18.38334140414201,
    "EoS Token Present": false,
    "EoS Padding": false
  }
}