{
  "by_target": {
    "ja": 6.125034809112549,
    "ur": 4.962752819061279,
    "fa": 5.229146480560303,
    "id": 6.010623931884766,
    "fi": 6.208780288696289,
    "eu": 6.811563491821289,
    "da": 5.729406833648682,
    "he": 6.428257465362549,
    "kk": 5.9002885818481445,
    "ro": 5.55918550491333
  },
  "score": 5.896504020690918,
  "analysis": {
    "Token Count": 15000064,
    "Line Count": 58594,
    "Tokens per Line": 256.0,
    "Tokens per Line SD": 0.0,
    "Unique Tokens": 29733,
    "Unique Lines": 58594,
    "1-gram Entropy": 10.772430700066106,
    "1-gram Normalized Entropy": 0.7249389004351666,
    "2-gram Entropy": 17.32845567336477,
    "2-gram Conditional Entropy": 6.556024973298662,
    "Entropy per Line": 2757.7422592169237,
    "EoS Token Present": false,
    "EoS Padding": false
  }
}