{
  "by_target": {
    "ur": 5.098050117492676,
    "kk": 6.128634452819824,
    "ro": 5.742986679077148,
    "id": 6.167940139770508,
    "he": 6.556873798370361,
    "da": 5.915632724761963,
    "fa": 5.354774475097656,
    "fi": 6.46846342086792,
    "ja": 6.2996954917907715,
    "eu": 6.820242404937744
  },
  "score": 6.055329370498657,
  "analysis": {
    "Token Count": 110000,
    "Line Count": 10000,
    "Tokens per Line": 11.0,
    "Tokens per Line SD": 0.0,
    "Unique Tokens": 10,
    "Unique Lines": 2789,
    "1-gram Entropy": 2.5563153301712918,
    "1-gram Normalized Entropy": 0.7695275927572327,
    "2-gram Entropy": 3.7125308843472333,
    "2-gram Conditional Entropy": 1.1562155541759416,
    "Entropy per Line": 28.11946863188421,
    "EoS Token Present": true,
    "EoS Padding": true
  }
}