{
  "by_target": {
    "ur": 5.129331111907959,
    "kk": 6.131696701049805,
    "ro": 5.759993076324463,
    "id": 6.190474987030029,
    "he": 6.575604438781738,
    "da": 5.920094966888428,
    "fa": 5.363182544708252,
    "fi": 6.470539093017578,
    "ja": 6.311323642730713,
    "eu": 6.814675331115723
  },
  "score": 6.066691589355469,
  "analysis": {
    "Token Count": 193176,
    "Line Count": 5762,
    "Tokens per Line": 33.52585907670947,
    "Tokens per Line SD": 13.813609277949576,
    "Unique Tokens": 7,
    "Unique Lines": 2766,
    "1-gram Entropy": 2.1651838992279173,
    "1-gram Normalized Entropy": 0.7712540663155557,
    "2-gram Entropy": 2.979210340976695,
    "2-gram Conditional Entropy": 0.8140264417487777,
    "Entropy per Line": 72.58965028067553,
    "EoS Token Present": false,
    "EoS Padding": false
  }
}