{
  "by_target": {
    "ur": 5.0960164070129395,
    "kk": 6.080234050750732,
    "ro": 5.724330902099609,
    "id": 6.142470836639404,
    "he": 6.530947208404541,
    "da": 5.879795074462891,
    "fa": 5.334509372711182,
    "fi": 6.393133163452148,
    "ja": 6.27786111831665,
    "eu": 6.809240341186523
  },
  "score": 6.026853847503662,
  "analysis": {
    "Token Count": 1164800,
    "Line Count": 166400,
    "Tokens per Line": 7.0,
    "Tokens per Line SD": 0.0,
    "Unique Tokens": 17,
    "Unique Lines": 12481,
    "1-gram Entropy": 3.2267236637277956,
    "1-gram Normalized Entropy": 0.7894196935967137,
    "2-gram Entropy": 6.0408574227686636,
    "2-gram Conditional Entropy": 2.814133759040868,
    "Entropy per Line": 22.58706564609457,
    "EoS Token Present": false,
    "EoS Padding": false
  }
}