{
  "by_target": {
    "ur": 5.165861129760742,
    "kk": 6.134000778198242,
    "ro": 5.795825958251953,
    "id": 6.191116809844971,
    "he": 6.586666107177734,
    "da": 5.9315948486328125,
    "fa": 5.393580436706543,
    "fi": 6.467324256896973,
    "ja": 6.323435306549072,
    "eu": 6.817034721374512
  },
  "score": 6.080644035339356,
  "analysis": {
    "Token Count": 469440,
    "Line Count": 5765,
    "Tokens per Line": 81.42931483087598,
    "Tokens per Line SD": 33.13108984959007,
    "Unique Tokens": 15,
    "Unique Lines": 1430,
    "1-gram Entropy": 2.9409852228832984,
    "1-gram Normalized Entropy": 0.7527687686440641,
    "2-gram Entropy": 3.157215160740902,
    "2-gram Conditional Entropy": 0.21622993785760336,
    "Entropy per Line": 239.48241162711844,
    "EoS Token Present": false,
    "EoS Padding": false
  }
}