{
  "by_target": {
    "ur": 5.101065635681152,
    "kk": 6.093264579772949,
    "ro": 5.734943389892578,
    "id": 6.1580915451049805,
    "he": 6.541974067687988,
    "da": 5.892220973968506,
    "fa": 5.333766460418701,
    "fi": 6.428532123565674,
    "ja": 6.293484210968018,
    "eu": 6.80174446105957
  },
  "score": 6.037908744812012,
  "analysis": {
    "Token Count": 110000,
    "Line Count": 10000,
    "Tokens per Line": 11.0,
    "Tokens per Line SD": 0.0,
    "Unique Tokens": 9,
    "Unique Lines": 2656,
    "1-gram Entropy": 2.802139568279333,
    "1-gram Normalized Entropy": 0.8839766136436549,
    "2-gram Entropy": 4.006085509187663,
    "2-gram Conditional Entropy": 1.2039459409083304,
    "Entropy per Line": 30.823535251072684,
    "EoS Token Present": true,
    "EoS Padding": true
  }
}