{
  "by_target": {
    "ur": 5.269091606140137,
    "kk": 6.315474987030029,
    "ro": 5.892431735992432,
    "id": 6.344128608703613,
    "he": 6.74126672744751,
    "da": 6.062516689300537,
    "fa": 5.501644134521484,
    "fi": 6.67094087600708,
    "ja": 6.4340739250183105,
    "eu": 6.828244686126709
  },
  "score": 6.2059813976287845,
  "analysis": {
    "Token Count": 58588,
    "Line Count": 5759,
    "Tokens per Line": 10.173293974648377,
    "Tokens per Line SD": 4.351284658075539,
    "Unique Tokens": 3,
    "Unique Lines": 400,
    "1-gram Entropy": 1.453225178819225,
    "1-gram Normalized Entropy": 0.9168830039562509,
    "2-gram Entropy": 2.3072546297711365,
    "2-gram Conditional Entropy": 0.8540294509519115,
    "Entropy per Line": 14.784086955488954,
    "EoS Token Present": false,
    "EoS Padding": false
  }
}