{
  "by_target": {
    "ur": 5.091213703155518,
    "kk": 6.094063758850098,
    "ro": 5.732914447784424,
    "id": 6.150989055633545,
    "he": 6.532493591308594,
    "da": 5.892060279846191,
    "fa": 5.333835601806641,
    "fi": 6.418506145477295,
    "ja": 6.285524368286133,
    "eu": 6.828677177429199
  },
  "score": 6.036027812957764,
  "analysis": {
    "Token Count": 110000,
    "Line Count": 10000,
    "Tokens per Line": 11.0,
    "Tokens per Line SD": 0.0,
    "Unique Tokens": 9,
    "Unique Lines": 2883,
    "1-gram Entropy": 2.861929466838021,
    "1-gram Normalized Entropy": 0.9028382266255026,
    "2-gram Entropy": 4.371052580655887,
    "2-gram Conditional Entropy": 1.5091231138178656,
    "Entropy per Line": 31.481224135218252,
    "EoS Token Present": true,
    "EoS Padding": true
  }
}