{
  "by_target": {
    "ur": 5.0907793045043945,
    "kk": 6.068499565124512,
    "ro": 5.714705467224121,
    "id": 6.138379096984863,
    "he": 6.524150848388672,
    "da": 5.8852858543396,
    "fa": 5.326931476593018,
    "fi": 6.393754482269287,
    "ja": 6.268795013427734,
    "eu": 6.821349143981934
  },
  "score": 6.023263025283813,
  "analysis": {
    "Token Count": 1333330,
    "Line Count": 133333,
    "Tokens per Line": 10.0,
    "Tokens per Line SD": 0.0,
    "Unique Tokens": 23,
    "Unique Lines": 27163,
    "1-gram Entropy": 3.75294425285097,
    "1-gram Normalized Entropy": 0.8296436059255933,
    "2-gram Entropy": 5.6867965197182375,
    "2-gram Conditional Entropy": 1.9338522668672673,
    "Entropy per Line": 37.52944252850969,
    "EoS Token Present": false,
    "EoS Padding": false
  }
}