{
  "by_target": {
    "ur": 5.265144348144531,
    "kk": 6.306423664093018,
    "ro": 5.885000705718994,
    "id": 6.334439277648926,
    "he": 6.7404046058654785,
    "da": 6.065002918243408,
    "fa": 5.486263751983643,
    "fi": 6.644777774810791,
    "ja": 6.4077606201171875,
    "eu": 6.84769344329834
  },
  "score": 6.1982911109924315,
  "analysis": {
    "Token Count": 58588,
    "Line Count": 5759,
    "Tokens per Line": 10.173293974648377,
    "Tokens per Line SD": 4.351284658075539,
    "Unique Tokens": 3,
    "Unique Lines": 400,
    "1-gram Entropy": 1.453225178819225,
    "1-gram Normalized Entropy": 0.9168830039562509,
    "2-gram Entropy": 2.3072546297711365,
    "2-gram Conditional Entropy": 0.8540294509519115,
    "Entropy per Line": 14.784086955488954,
    "EoS Token Present": false,
    "EoS Padding": false
  }
}