{
  "by_target": {
    "da": 5.9223952293396,
    "he": 6.555080890655518,
    "fi": 6.403905868530273,
    "eu": 6.86440372467041,
    "ja": 6.332345962524414,
    "ur": 5.153326511383057,
    "fa": 5.395084381103516,
    "id": 6.18729829788208,
    "ro": 5.78316068649292,
    "kk": 6.097112655639648
  },
  "score": 6.069411420822144
}