{
  "by_target": {
    "ur": 5.1006388664245605,
    "kk": 6.092230319976807,
    "ro": 5.7309088706970215,
    "id": 6.148921012878418,
    "he": 6.5340447425842285,
    "da": 5.888143062591553,
    "fa": 5.336585521697998,
    "fi": 6.405900001525879,
    "ja": 6.277660369873047,
    "eu": 6.824455261230469
  },
  "score": 6.033948802947998,
  "analysis": {
    "Token Count": 417924,
    "Line Count": 1010,
    "Tokens per Line": 413.7861386138614,
    "Tokens per Line SD": 124.67660267029468,
    "Unique Tokens": 9,
    "Unique Lines": 1010,
    "1-gram Entropy": 3.1195832584480065,
    "1-gram Normalized Entropy": 0.9841189482491226,
    "2-gram Entropy": 5.925070393187002,
    "2-gram Conditional Entropy": 2.8054871347389954,
    "Entropy per Line": 1290.8403105976483,
    "EoS Token Present": false,
    "EoS Padding": false
  }
}