{
  "by_target": {
    "ur": 5.108963966369629,
    "kk": 6.111972808837891,
    "ro": 5.748660564422607,
    "id": 6.16688871383667,
    "he": 6.554818153381348,
    "da": 5.90840482711792,
    "fa": 5.341366291046143,
    "fi": 6.4505391120910645,
    "ja": 6.2932233810424805,
    "eu": 6.807660102844238
  },
  "score": 6.049249792098999,
  "analysis": {
    "Token Count": 110000,
    "Line Count": 10000,
    "Tokens per Line": 11.0,
    "Tokens per Line SD": 0.0,
    "Unique Tokens": 9,
    "Unique Lines": 187,
    "1-gram Entropy": 2.564778289894737,
    "1-gram Normalized Entropy": 0.8090974672043553,
    "2-gram Entropy": 3.5446133055054734,
    "2-gram Conditional Entropy": 0.9798350156107363,
    "Entropy per Line": 28.21256118884213,
    "EoS Token Present": true,
    "EoS Padding": true
  }
}