{
  "by_target": {
    "kk": 5.878887176513672,
    "ro": 5.542623996734619,
    "da": 5.712337493896484,
    "he": 6.415643692016602,
    "ja": 6.099717617034912,
    "ur": 4.947500705718994,
    "fa": 5.208510398864746,
    "id": 5.978446960449219,
    "fi": 6.187252521514893,
    "eu": 6.772436618804932
  },
  "score": 5.874335718154907,
  "analysis": {
    "Token Count": 15000064,
    "Line Count": 58594,
    "Tokens per Line": 256.0,
    "Tokens per Line SD": 0.0,
    "Unique Tokens": 29780,
    "Unique Lines": 58594,
    "1-gram Entropy": 10.832713651980365,
    "1-gram Normalized Entropy": 0.7288839144931644,
    "2-gram Entropy": 17.571536498101434,
    "2-gram Conditional Entropy": 6.738822846121069,
    "Entropy per Line": 2773.174694906974,
    "EoS Token Present": false,
    "EoS Padding": false
  }
}