{
  "by_target": {
    "ur": 5.114438056945801,
    "kk": 6.172552585601807,
    "ro": 5.759815216064453,
    "id": 6.165633201599121,
    "he": 6.569851398468018,
    "da": 5.913756370544434,
    "fa": 5.351103782653809,
    "fi": 6.465878963470459,
    "ja": 6.327536106109619,
    "eu": 6.79966402053833
  },
  "score": 6.064022970199585,
  "analysis": {
    "Token Count": 110000,
    "Line Count": 10000,
    "Tokens per Line": 11.0,
    "Tokens per Line SD": 0.0,
    "Unique Tokens": 7,
    "Unique Lines": 228,
    "1-gram Entropy": 2.2963285243221985,
    "1-gram Normalized Entropy": 0.8179687243247258,
    "2-gram Entropy": 3.2121152045737635,
    "2-gram Conditional Entropy": 0.9157866802515651,
    "Entropy per Line": 25.259613767544227,
    "EoS Token Present": true,
    "EoS Padding": true
  }
}