{
  "by_target": {
    "kk": 6.192080497741699,
    "ro": 5.857876300811768,
    "he": 6.624986171722412,
    "da": 6.00938081741333,
    "id": 6.257480621337891,
    "fa": 5.458365440368652,
    "ur": 5.234705448150635,
    "ja": 6.409643650054932,
    "eu": 6.883066177368164,
    "fi": 6.496586322784424
  },
  "score": 6.142417144775391,
  "analysis": {
    "Token Count": 15000064,
    "Line Count": 58594,
    "Tokens per Line": 256.0,
    "Tokens per Line SD": 0.0,
    "Unique Tokens": 29990,
    "Unique Lines": 58594,
    "1-gram Entropy": 14.870760863966124,
    "1-gram Normalized Entropy": 0.99990364314778,
    "2-gram Entropy": 23.816262433587074,
    "2-gram Conditional Entropy": 8.94550156962095,
    "Entropy per Line": 3806.914781175328,
    "EoS Token Present": false,
    "EoS Padding": false
  }
}