{
  "by_target": {
    "ur": 5.112579822540283,
    "kk": 6.1146697998046875,
    "ro": 5.7511372566223145,
    "id": 6.169608116149902,
    "he": 6.553079605102539,
    "da": 5.91063928604126,
    "fa": 5.346994876861572,
    "fi": 6.4503254890441895,
    "ja": 6.291718482971191,
    "eu": 6.849146366119385
  },
  "score": 6.054989910125732,
  "analysis": {
    "Token Count": 110000,
    "Line Count": 10000,
    "Tokens per Line": 11.0,
    "Tokens per Line SD": 0.0,
    "Unique Tokens": 9,
    "Unique Lines": 1015,
    "1-gram Entropy": 2.4625003710989724,
    "1-gram Normalized Entropy": 0.7768323761535486,
    "2-gram Entropy": 3.5783260124681178,
    "2-gram Conditional Entropy": 1.1158256413691454,
    "Entropy per Line": 27.087504082088707,
    "EoS Token Present": false,
    "EoS Padding": false
  }
}