{
  "by_target": {
    "ur": 5.222612380981445,
    "kk": 6.31822395324707,
    "ro": 5.883063793182373,
    "id": 6.289319038391113,
    "he": 6.700009822845459,
    "da": 6.045528411865234,
    "fa": 5.454256057739258,
    "fi": 6.659216403961182,
    "ja": 6.432911396026611,
    "eu": 6.874391078948975
  },
  "score": 6.187953233718872,
  "analysis": {
    "Token Count": 855744,
    "Line Count": 5508,
    "Tokens per Line": 155.36383442265796,
    "Tokens per Line SD": 58.65935485576524,
    "Unique Tokens": 3,
    "Unique Lines": 1887,
    "1-gram Entropy": 1.3505595345899266,
    "1-gram Normalized Entropy": 0.8521081943424047,
    "2-gram Entropy": 1.463219811976437,
    "2-gram Conditional Entropy": 0.11266027738651041,
    "Entropy per Line": 209.82810790997215,
    "EoS Token Present": false,
    "EoS Padding": false
  }
}