{
  "by_target": {
    "ur": 5.084503173828125,
    "kk": 6.088280200958252,
    "ro": 5.725138187408447,
    "id": 6.148204326629639,
    "he": 6.524874687194824,
    "da": 5.886744976043701,
    "fa": 5.335821628570557,
    "fi": 6.406293869018555,
    "ja": 6.276954174041748,
    "eu": 6.840575695037842
  },
  "score": 6.031739091873169,
  "analysis": {
    "Token Count": 61106,
    "Line Count": 10000,
    "Tokens per Line": 6.1106,
    "Tokens per Line SD": 2.289490694455865,
    "Unique Tokens": 64,
    "Unique Lines": 9263,
    "1-gram Entropy": 5.266346869342344,
    "1-gram Normalized Entropy": 0.877724478223724,
    "2-gram Entropy": 8.660964621393294,
    "2-gram Conditional Entropy": 3.3946177520509497,
    "Entropy per Line": 32.18053917980333,
    "EoS Token Present": false,
    "EoS Padding": false
  }
}