{
  "by_target": {
    "ur": 5.168365001678467,
    "kk": 6.145325183868408,
    "ro": 5.794098854064941,
    "id": 6.196512222290039,
    "he": 6.59294319152832,
    "da": 5.939171314239502,
    "fa": 5.378152847290039,
    "fi": 6.485556602478027,
    "ja": 6.337982654571533,
    "eu": 6.818300247192383
  },
  "score": 6.085640811920166,
  "analysis": {
    "Token Count": 511840,
    "Line Count": 5514,
    "Tokens per Line": 92.82553500181356,
    "Tokens per Line SD": 33.765546170768914,
    "Unique Tokens": 9,
    "Unique Lines": 4428,
    "1-gram Entropy": 2.555153109582035,
    "1-gram Normalized Entropy": 0.8060610608829682,
    "2-gram Entropy": 3.0975714980373987,
    "2-gram Conditional Entropy": 0.5424183884553639,
    "Entropy per Line": 237.18345440850013,
    "EoS Token Present": false,
    "EoS Padding": false
  }
}