{
  "by_target": {
    "ur": 5.097540378570557,
    "kk": 6.0951690673828125,
    "ro": 5.743659019470215,
    "id": 6.166950702667236,
    "he": 6.54164981842041,
    "da": 5.901314735412598,
    "fa": 5.344466209411621,
    "fi": 6.4299421310424805,
    "ja": 6.302248954772949,
    "eu": 6.819510459899902
  },
  "score": 6.0442451477050785,
  "analysis": {
    "Token Count": 7212723,
    "Line Count": 1000,
    "Tokens per Line": 7212.723,
    "Tokens per Line SD": 404.6600453108758,
    "Unique Tokens": 21,
    "Unique Lines": 1000,
    "1-gram Entropy": 3.997152319081711,
    "1-gram Normalized Entropy": 0.9100326625649355,
    "2-gram Entropy": 7.039882055846521,
    "2-gram Conditional Entropy": 3.0427297367648096,
    "Entropy per Line": 28830.352466343997,
    "EoS Token Present": false,
    "EoS Padding": false
  }
}