{
  "by_target": {
    "ur": 5.10908317565918,
    "kk": 6.084627151489258,
    "ro": 5.709292888641357,
    "id": 6.139752388000488,
    "he": 6.538287162780762,
    "da": 5.878236770629883,
    "fa": 5.329792022705078,
    "fi": 6.416294097900391,
    "ja": 6.2733540534973145,
    "eu": 6.811336994171143
  },
  "score": 6.029005670547486,
  "analysis": {
    "Token Count": 2500000,
    "Line Count": 250000,
    "Tokens per Line": 10.0,
    "Tokens per Line SD": 0.0,
    "Unique Tokens": 20,
    "Unique Lines": 169505,
    "1-gram Entropy": 4.2131963272482045,
    "1-gram Normalized Entropy": 0.9748418378899495,
    "2-gram Entropy": 7.137787664072739,
    "2-gram Conditional Entropy": 2.924591336824535,
    "Entropy per Line": 42.131963272482025,
    "EoS Token Present": false,
    "EoS Padding": false
  }
}