{
  "by_target": {
    "ur": 5.0653252601623535,
    "kk": 6.073949337005615,
    "ro": 5.72311544418335,
    "id": 6.147941589355469,
    "he": 6.526009559631348,
    "da": 5.885015487670898,
    "fa": 5.333241939544678,
    "fi": 6.396929740905762,
    "ja": 6.27565336227417,
    "eu": 6.8516974449157715
  },
  "score": 6.027887916564941,
  "analysis": {
    "Token Count": 63105,
    "Line Count": 10000,
    "Tokens per Line": 6.3105,
    "Tokens per Line SD": 2.3970585620714404,
    "Unique Tokens": 64,
    "Unique Lines": 8793,
    "1-gram Entropy": 4.905166951866051,
    "1-gram Normalized Entropy": 0.8175278253110085,
    "2-gram Entropy": 8.121348426933368,
    "2-gram Conditional Entropy": 3.2161814750673168,
    "Entropy per Line": 30.95405604975071,
    "EoS Token Present": false,
    "EoS Padding": false
  }
}