{
  "by_target": {
    "ur": 5.102603912353516,
    "kk": 6.133893966674805,
    "ro": 5.7721405029296875,
    "id": 6.191730499267578,
    "he": 6.596001625061035,
    "da": 5.9412384033203125,
    "fa": 5.368411064147949,
    "fi": 6.507867813110352,
    "ja": 6.3211283683776855,
    "eu": 6.854165077209473
  },
  "score": 6.07891812324524,
  "analysis": {
    "Token Count": 61295,
    "Line Count": 10000,
    "Tokens per Line": 6.1295,
    "Tokens per Line SD": 2.3153681672684367,
    "Unique Tokens": 7,
    "Unique Lines": 1937,
    "1-gram Entropy": 2.758576903347756,
    "1-gram Normalized Entropy": 0.9826249191626625,
    "2-gram Entropy": 4.12317550661998,
    "2-gram Conditional Entropy": 1.3645986032722237,
    "Entropy per Line": 16.90869712907007,
    "EoS Token Present": false,
    "EoS Padding": false
  }
}