{
  "by_target": {
    "ur": 5.100803375244141,
    "kk": 6.114504337310791,
    "ro": 5.739734172821045,
    "id": 6.153048515319824,
    "he": 6.548251152038574,
    "da": 5.896554470062256,
    "fa": 5.33705997467041,
    "fi": 6.434906959533691,
    "ja": 6.290561199188232,
    "eu": 6.808267116546631
  },
  "score": 6.04236912727356,
  "analysis": {
    "Token Count": 110000,
    "Line Count": 10000,
    "Tokens per Line": 11.0,
    "Tokens per Line SD": 0.0,
    "Unique Tokens": 8,
    "Unique Lines": 1373,
    "1-gram Entropy": 2.5732431163576788,
    "1-gram Normalized Entropy": 0.8577477054525596,
    "2-gram Entropy": 3.7502942276789883,
    "2-gram Conditional Entropy": 1.1770511113213096,
    "Entropy per Line": 28.305674279934504,
    "EoS Token Present": true,
    "EoS Padding": true
  }
}