{
  "by_target": {
    "ur": 5.089599132537842,
    "kk": 6.0963544845581055,
    "ro": 5.714885711669922,
    "id": 6.147435665130615,
    "he": 6.5370869636535645,
    "da": 5.8778977394104,
    "fa": 5.330528736114502,
    "fi": 6.402266025543213,
    "ja": 6.270289421081543,
    "eu": 6.814128875732422
  },
  "score": 6.028047275543213,
  "analysis": {
    "Token Count": 2500000,
    "Line Count": 250000,
    "Tokens per Line": 10.0,
    "Tokens per Line SD": 0.0,
    "Unique Tokens": 20,
    "Unique Lines": 120182,
    "1-gram Entropy": 3.975497542499577,
    "1-gram Normalized Entropy": 0.9198435178045659,
    "2-gram Entropy": 6.375876157622154,
    "2-gram Conditional Entropy": 2.400378615122577,
    "Entropy per Line": 39.75497542499577,
    "EoS Token Present": false,
    "EoS Padding": false
  }
}