{
  "by_target": {
    "ur": 4.9673051834106445,
    "ja": 6.101224422454834,
    "fa": 5.2201128005981445,
    "id": 5.992245197296143,
    "fi": 6.192386627197266,
    "eu": 6.82869291305542,
    "da": 5.710416316986084,
    "he": 6.428105354309082,
    "kk": 5.883694171905518,
    "ro": 5.557376384735107
  },
  "score": 5.888155937194824,
  "analysis": {
    "Token Count": 15000064,
    "Line Count": 58594,
    "Tokens per Line": 256.0,
    "Tokens per Line SD": 0.0,
    "Unique Tokens": 29733,
    "Unique Lines": 58594,
    "1-gram Entropy": 10.772430700066106,
    "1-gram Normalized Entropy": 0.7249389004351666,
    "2-gram Entropy": 17.32845567336477,
    "2-gram Conditional Entropy": 6.556024973298662,
    "Entropy per Line": 2757.7422592169237,
    "EoS Token Present": false,
    "EoS Padding": false
  }
}