{
  "by_target": {
    "ur": 5.096642017364502,
    "kk": 6.144536018371582,
    "ro": 5.751803874969482,
    "id": 6.1689863204956055,
    "he": 6.573975086212158,
    "da": 5.916879653930664,
    "fa": 5.340479850769043,
    "fi": 6.489772796630859,
    "ja": 6.300049781799316,
    "eu": 6.895055770874023
  },
  "score": 6.067818117141724,
  "analysis": {
    "Token Count": 63129,
    "Line Count": 10000,
    "Tokens per Line": 6.3129,
    "Tokens per Line SD": 2.4347471306072013,
    "Unique Tokens": 40,
    "Unique Lines": 3226,
    "1-gram Entropy": 3.245329901278696,
    "1-gram Normalized Entropy": 0.6098034102332949,
    "2-gram Entropy": 4.71789054707724,
    "2-gram Conditional Entropy": 1.472560645798544,
    "Entropy per Line": 20.487443133784172,
    "EoS Token Present": false,
    "EoS Padding": false
  }
}